Ma Account,User Name,Email,Passwords
AC12,string,admin@gmail.com,admin
AC13,abcxczxcasda123,abc@gmail.com,213123
AC14,abcxczxcasda123,abc@gmail.com,213123
AC15,abcxczxcasda123,ngowin123@gmail.com,12312
AC10,ngonhatwin,admin@gmail.com,admin
AC11,abcxczxcasda123,abc@gmail.com,123123
AC12,abcxczxcasda12323123,ngowin123@gmail.com,123123
AC13,huynhbaochau,ngowin123@gmail.com,123213
AC14,abcxczxcasda123123,ngowin123@gmail.com,123213
AC14,abcxczxcasda12323123,abc@gmail.com,12323
AC14,abcxczxcasda123,ngowin123@gmail.com,123123
AC14,abcxczxcasda12323123,ngowin123@gmail.com,12323
AC15,abcxczxcasda12323123,ngowin123@gmail.com,213123
AC16,admin2,admin2@gmail.com,admin2
AC17,abcxczxcasda12323123,abc@gmail.com,123123
AC17,abcxczxcasda123,ngowin123@gmail.com,123123
AC18,abcxczxcasda123,ngowin123@gmail.com,1231
AC17,abcxczxcasda123,abc@gmail.com,123
AC17,abcxczxcasda123,ngowin123@gmail.com,123
AC17,abcxczxcasda12323123,ngowin123@gmail.com,123
AC17,abcxczxcasda123,ngowin123@gmail.com,123123
AC18,abcxczxcasda123,ngowin123@gmail.com,123123
AC19,abcxczxcasda12323123,ngonhatwin@gmail.com,13123123
AC20,abcxczxcasda12323123,ngonhatw123@gmail.com,123123
AC21,abcxczxcasda123123,ngonhatwin@gmail.com,1232
AC17,abcxczxcasda123,ngowin123@gmail.com,123123
AC17,abcxczxcasda,ngowin123@gmail.com,123123
AC18,abcxc,ngowin123@gmail.com,123123
AC19,bbbbbbbb,ngowin123@gmail.com,123123
AC20,cccccccc,ngowin123@gmail.com,123123
AC21,huynhbaochau,baochau@gmail.com,123
AC18,ccccccccccc,ngowin123@gmail.com,123123
AC19,huynhbaochau,abc@gmail.com,123123
AC20,ngonhatwin,ngowin123@gmail.com,1234
AC21,huynhbaochau,ngonhatw123@gmail.com,123123
AC22,huynhbaochau,ngonhatw123@gmail.com,1234
AC21,abcxczxcasda12323123,baochau@gmail.com,123123
AC22,abcxczxcasda12323123,ngonhatwin@gmail.com,123123
AC20,ngonhatwin,ngonhatw123@gmail.com,123123
AC21,abcxczxcasda12323123,admin@gmail.com,sadasd
AC22,abcxczxcasda123,ngowin123@gmail.com,123123123
AC23,abcxczxcasda12323123,admin@gmail.com,123123
AC1,admin,admin@gmail.com,admin
AC2,huynhbaochau,ngonhatw123@gmail.com,123123
AC3,abcxczxcasda12323123,ngonhatwin@gmail.com,123123
AC4,abcd,string,string
AC5,abcxczxcasda12323123,ngonhatwin@gmail.com,123123
AC6,huynhbaochau,thi.tran@infodation.vn,12323
AC7,ngonhatwin,abc@gmail.com,123123
AC8,abcxczxcasda123231230000000,abc@gmail.com,123123
AC8,nguyenchinhminh,ngonhatwin@gmail.com,123123
AC9,abcxczxcasda123123,ngonhatwin@gmail.com,123123
AC9,abcxczxcasda12323123,ngonhatwin@gmail.com,123
AC8,abcxczxcasda123123,thi.tran@infodation.vn,123123
AC9,string,string,string
AC9,abcxczxcasda123123,baochau@gmail.com,12323
AC10,huynhbaochau,ngonhatwin@gmail.com,123123
